,Directory,Index sequence,Cultivar,cultivar,Stage,rep,Sample ID,TBI ID,TotalReads,TotalBases,TotalBases(Gb)
1,TBD160512_20160803,TTGCTTAT,Da-ae X Da-ol 1 F1,414F1,Young,1,414F1-young-1,TN1607L1773,59091028,5968193828,5.97 Gb
2,TBD160512_20160803,AACAGGCG,Da-ae X Da-ol 1 F1,414F1,Young,2,414F1-young-2,TN1607L1774,52346554,5287001954,5.29 Gb
3,TBD160512_20160803,CGCAACCG,Da-ae X Da-ol 1 F1,414F1,Young,3,414F1-young-3,TN1607L1775,50850342,5135884542,5.14 Gb
4,TBD160512_20160803,ACGCCGAG,Da-al 1 X Da-ae F1,415F1,Young,1,415F1-young-1,TN1607L1776,54936860,5548622860,5.55 Gb
5,TBD160512_20160803,CGGTTACC,Da-al 1 X Da-ae F1,415F1,Young,2,415F1-young-2,TN1607L1777,63594270,6423021270,6.42 Gb
6,TBD160512_20160803,GGTCAATT,Da-al 1 X Da-ae F1,415F1,Young,3,415F1-young-3,TN1607L1778,54642636,5518906236,5.52 Gb
7,TBD160512_20160803,GCGTACAT,Da-ae X Da-ol 1 F1,414F1,flowering,1,414F1-gea-1,TN1607L1779,52723998,5325123798,5.33 Gb
8,TBD160512_20160803,CTACATGC,Da-ae X Da-ol 1 F1,414F1,flowering,2,414F1-gea-2,TN1607L1780,57209914,5778201314,5.78 Gb
9,TBD160512_20160803,TTGAGGAG,Da-ae X Da-ol 1 F1,414F1,flowering,3,414F1-gea-3,TN1607L1781,57457352,5803192552,5.80 Gb
10,TBD160512_20160803,GAATCAAT,Da-al 1 X Da-ae F1,415F1,flowering,1,415F1-gea-1,TN1607L1782,45748184,4620566584,4.62 Gb
11,TBD160512_20160803,TCCTCGGT,Da-al 1 X Da-ae F1,415F1,flowering,2,415F1-gea-2,TN1607L1783,51176856,5168862456,5.17 Gb
12,TBD160512_20160803,GCGCATTC,Da-al 1 X Da-ae F1,415F1,flowering,3,415F1-gea-3,TN1607L1784,59169094,5976078494,5.98 Gb
13,TBD160512_20160803,ATAAGAAC,Da-ae X Da-ol 1 F1,414F1,early-silique,1,414F1-gyeolcho-1,TN1607L1785,71679268,7239606068,7.24 Gb
14,TBD160512_20160803,TACCATTG,Da-ae X Da-ol 1 F1,414F1,early-silique,2,414F1-gyeolcho-2,TN1607L1786,50819204,5132739604,5.13 Gb
15,TBD160512_20160803,TCGAATCG,Da-ae X Da-ol 1 F1,414F1,early-silique,3,414F1-gyeolcho-3,TN1607L1787,49552506,5004803106,5.00 Gb
16,TBD160512_20160803,TCCGCTCA,Da-al 1 X Da-ae F1,415F1,early-silique,1,415F1-gyeolcho-1,TN1607L1788,75863106,7662173706,7.66 Gb
17,TBD160512_20160803,GTTGGATA,Da-al 1 X Da-ae F1,415F1,early-silique,2,415F1-gyeolcho-2,TN1607L1789,55778280,5633606280,5.63 Gb
18,TBD160512_20160803,CCGGTGCT,Da-al 1 X Da-ae F1,415F1,early-silique,3,415F1-gyeolcho-3,TN1607L1790,53153726,5368526326,5.37 Gb
19,TBD160512_20160803,GTTGTCGG,Da-ae X Da-ol 1 F1,414F1,late-silique,1,414F1-gyeolhoo-1,TN1607L1791,47866348,4834501148,4.83 Gb
20,TBD160512_20160803,ACTTAACC,Da-ae X Da-ol 1 F1,414F1,late-silique,2,414F1-gyeolhoo-2,TN1607L1792,78956914,7974648314,7.97 Gb
21,TBD160512_20160803,TGTCCGGA,Da-ae X Da-ol 1 F1,414F1,late-silique,3,414F1-gyeolhoo-3,TN1607L1793,62382710,6300653710,6.30 Gb
22,TBD160512_20160803,TTCTGACG,Da-al 1 X Da-ae F1,415F1,late-silique,1,415F1-gyeolhoo-1,TN1607L1794,51133308,5164464108,5.16 Gb
23,TBD160512_20160803,AGACACGG,Da-al 1 X Da-ae F1,415F1,late-silique,2,415F1-gyeolhoo-2,TN1607L1795,58144954,5872640354,5.87 Gb
24,TBD160512_20160803,TGACTAGT,Da-al 1 X Da-ae F1,415F1,late-silique,3,415F1-gyeolhoo-3,TN1607L1796,85797086,8665505686,8.67 Gb